avg_age,count,interest
24.9,24441,Sports
23.8,22726,Entertainment
24.1,21827,Politics
24.2,21760,Health
23.8,21470,Food
23.9,20955,Environment
23.8,20940,History
23.8,20937,Education
23.8,20703,Science
23.8,20675,Inequality
23.9,20604,Technology
23.9,20536,Economy
23.8,20399,Climate change 
30.2,5405,football
21.5,1558,college life
30.1,1541,sport
31.1,1432,calcio
27.0,1336,india
22.2,1304,bollywood
21.0,1234,the conversation
27.8,1208,news
18.2,1156,books
23.0,1123,nature
20.6,1120,hollywood
29.4,1027,serie a
21.8,929,sfsarsd
19.3,820,chintan
21.3,770,#pixstory
26.0,729,music
25.7,715,photography
53.6,650,juventus
26.3,622,italy
37.1,621,nba
26.1,615,premier league
28.8,613,manchester united
24.9,610,cricket
38.7,606,arsenal
21.6,589,bollywood news
26.2,553,usa
38.5,544,tennis
21.8,530,bollywood gossip
23.3,529,kashmir
16.1,527,australia
21.8,527,bollywood life
24.8,524,mental health
26.2,524,soccer
21.8,521,bollywood movies
22.3,514,bollywood music
29.7,504,covid 19
52.8,495,events
21.8,493,bollywood style
39.9,491,psg
23.6,491,afghanistan
21.9,490,bollywood movie
21.9,487,bollywood fashion
27.1,486,ukraine
22.8,483,love
54,480,shareyaarnow
25.2,472,fashion
54.0,472,event marketing
29.8,461,russia
24.2,458,football ‚öΩÔ∏è
21.9,453,bollywood dance
28.3,430,basketball
25.6,411,travel
19.3,406,poetry
29.3,394,chelsea
25.8,384,movies
29.9,379,real madrid
23.5,378,nature photography
22.3,371,nssdrc
21.2,367,kashmir valley
12,364,newsdrum
31.6,342,art
21.9,337,aadhaar
20.8,317,reading
30.6,317,liverpool
54,309,event ideas
23.2,307,taliban government
32.5,298,f1
24.9,298,enactusvitc
21.0,290,#healthylifestyle
13.0,288,alt news
21.2,285,#health
32.0,284,calciomercato
21,281,tripura
31.8,279,uefa
22.1,274,foodie
20.6,271,memes
22.6,268,movie
13.4,266,#bollywood
27.0,265,barcelona
28.3,258,preview
21.1,255,bangladesh
25.0,253,fashion news
53.5,251,chill lover radio
12.8,251,#bollywood celebrities
26.0,248,premierleague
12.8,247,#bollywood #legend
31.3,244,champions league
25.7,241,english premier league
37.1,238,fifa
25.2,236,pixstory
23.0,235,drama
21.5,233,sky
30.5,232,ukraine invasion
28.7,231,manchester city
25.7,229,jammu and kashmir
39.4,229,inter
12.8,229,#bollywood movie
18.0,226,lifestyle
24.7,225,transgender
36.8,222,motogp
24.6,220,diet
29.5,219,cristiano ronaldo
37.9,219,milan
23.5,218,joe biden
22.0,216,life
54.8,216,la lakers
24.3,211,transgender rights
20.1,210,romance
30.5,210,ukraine war
24.3,209,culture
21.6,208,entertainment
19.8,205,anime
24.0,202,africa
25.0,199,england
24.2,197,mental health awareness
24.4,195,transgender community
37.0,195,formula 1
23.6,194,netflix
23.3,194,literature
12,194,bestmediainfo
12.6,193,#bollywoodl
16.2,192,narendra modi
27.0,188,climate change
18.6,187,nasa
27.6,187,wow womaniya
23.3,184,united states
22.5,184,inspirix
23.2,182,kdrama
21.7,181,assam
12.6,180,#bollywoodmusic
24.8,177,delhi
38.3,177,ciclismo
30.3,176,featured
23.0,174,sunset
16.7,173,donald trump
26.4,172,women empowerment
25.5,171,lgbtq+
38.5,171,covid
20.6,171,nationalgames
22.5,167,marvel
25.2,167,gaming
25.3,166,tourism
23.3,163,france
19.7,163,bts
20.0,163,webtoon
27.1,162,independence day
21.8,161,friends
26.0,160,flowers
37.2,159,roma
21.2,159,k-drama
20.3,158,nationalgames2022
25.5,157,lgbtqia+
25.1,157,diabetes
21.5,157,rajdhani
23.7,155,college fest
28.8,155,#football
24.0,149,trans youth
37.7,149,napoli
26.6,149,uddham
21.1,149,srcc
29.7,147,covid-19
23.4,147,canada
12.0,145,a question of pride
20.5,145,nationalgamesofindia
12,145,vikas vaibhav
21.6,144,feminism
22.9,143,rajguru
33.9,142,amrish ranjan pandey
23,142,#article14live
23.0,141,book
21.3,141,enactusshiv
12,140,silent pages
13.1,138,the probe
21.0,138,south korea
23,138,#health research
31.9,137,goa
25.0,137,la liga
25.7,136,lgbtq
21.8,136,pakistan
30.7,136,analysis
13.0,136,looking back
22.5,134,#sfsarsd
21.0,133,college
23.0,133,avisha
24.8,132,lgbt
22.4,132,beauty
35.3,132,italia
23.2,132,friendshipday22
43.6,132,ucraina
21.2,132,aagaaz
12,132,#bolly
25.5,131,china
24.4,131,fashion trends
33.9,130,congress
28.1,130,bjp
19.0,130,funny memes
22.7,129,united kingdom
21.2,129,hollywood news
21.7,129,imagism
31,128,visualization
38.2,126,ferrari
32.5,126,ukraine crisis
28.2,126,festival
20.5,125,hult
21.0,124,movie review
26.6,124,healthcare
21.7,124,fashion update
63,124,art show
27.4,122,social media
22.4,122,meme
13,122,contemporary afghanistan
35.0,122,paris saint germain
36.6,122,lionel messi
20.5,122,veganism
24.2,121,women's rights
21.6,121,hollywood life
39.7,120,wimbledon
25.6,120,peace
21.7,120,friendship
28.6,119,cinema
25.4,119,animals
12,119,diary of a cop
19.0,118,#pixstorypolitics
25.1,117,wildlife
23.4,117,wwe
33.2,117,atalanta
19.6,116,relatable
25.1,114,spain
30.9,114,motivation
27.8,114,book reading
25.3,113,women
29.9,111,messi
20.6,111,hollywood movie
22.8,111,college life umang
20.8,110,stories
26.5,109,war
25.1,108,badminton
21.7,108,entertainment news
27,107,cooking
12,107,jyotish gems
29.2,106,painting
24.3,106,monsoonfood
25.3,105,dogs
20.6,105,psychology
21.7,105,music therapy
21.2,105,clouds
52.9,105,indian football
27.3,104,traveling
23.3,104,enactusmsc
34.8,103,russia-ukraine border
20.5,103,human rights
16.3,103,blog
21.6,103,dcac
31.0,101,media
30.4,101,religion
26.2,101,mumbai
22.8,101,#woman
22.8,100,foods
20.8,100,hollywoodnews
16.3,100,new york city
36.0,100,europa league
26.0,99,coronavirus
22.9,99,nature's beauty
23.2,98,health research
22.9,98,#womans health
25.9,97,lgbtqia
23.0,97,cars
20.3,96,crime
21.6,96,poem
29.1,95,kamala harris
28.2,94,mountains
21.5,94,dance
21.1,94,#food
25.6,94,manchesterunited
30,93,yoga
28.9,93,children
25.4,93,abortion rights
24.4,93,football love
20.5,93,#monsoonfood
18,93,subhamita sarkar
20.6,92,#healthyfood
22.7,92,skincare
29.5,91,family
23.0,91,sexual health
22.9,91,unicef
18.7,91,kpop
20.1,91,jaagriti
23.2,90,assembly elections 2022
36.2,90,musica
20.7,90,hollywood actor
28.5,90,bundesliga
27.1,90,tottenham hotspur
25.1,90,feature
27.6,89,gun control
23.0,89,meditation
23.6,89,beautiful
19.1,89,k-pop
23.4,89,questsggscc
21.8,88,rain
25.9,88,quotes
21.7,88,music producer
24.0,87,oscars
40.8,87,amarnath yatra
13,87,paksafghangambit
21.5,87,healthy lifestyle
43.3,87,djokovic
21,86,agartala
33.9,86,neymar
24.6,86,quest
24.1,85,freedom
48.7,85,lebron james
21.4,85,music on pixstory
41.2,85,arte
24.0,84,diet tips
21.8,84,fitness
24.1,83,school
20.0,83,#foodie
23.7,82,trees
20.2,82,sex education
21.3,82,pixstory vibe
22.3,82,trending
22.1,81,self love
26.1,81,laliga
22.5,81,rotaractdel
23.2,80,gujarat
23.1,80,celebrity
21,80,emirate islamic taliban
15.8,80,awareness
29.4,79,kerala
25.3,79,diet talk
25.2,79,sports news
22.9,79,thriller
29.3,79,uefa champions league
28.0,78,artist
24.8,78,home
33.7,78,lazio
18.6,78,novels
23.0,77,writing
22.8,77,healthy
24.2,77,christianity
19.7,77,action
41.7,77,milano
24.4,77,championsleague
22,77,tech news daily
22,77,daily tech news
31.1,76,weather
27.7,76,europe
27.6,76,commonwealth games
21.8,76,2022
14.5,76,ai
45.4,76,inspiration
26.4,76,women's football
20.4,76,foreign policy
22.3,75,valentinememe
20.5,75,#nature
31.2,75,tottenham
21.3,74,pixstoryapp
21.0,74,united nations
22,74,healthy food
39.8,74,chandigarh
25.4,74,manchestercity
28.6,73,vladimir putin
22.6,73,transgender healthcare
29.8,73,pandemic
41.0,73,america
20.0,73,bookworm
24.9,73,book review
22.2,73,afghan women
21.3,73,hollywood movies
28.4,73,transfer
21.0,73,#mental health
22.2,73,sports enthusiast
22.7,73,marvel superheroes
21.0,73,serene
42.1,72,nadal
21.0,72,new zealand
25.2,72,happiness
42.3,72,native americans
21.2,72,music talent on pixstory
21.3,72,alia bhatt
35.3,72,torino
33.9,71,putin
28.8,71,everton
25.6,71,real madrid fc
23.5,70,environmental conservation
22.7,70,comhrc
18.1,70,animelove
58.8,69,humour
21.2,69,pixstory office
25.2,69,japan
22.0,69,foodies
54,69,audience
22.9,69,natural beauty
18,69,#cybersecurity
40.1,69,basket
21.9,69,marvel studios
17.9,68,black lives matter
20.6,68,study
28.1,68,ronaldo
25.2,67,germany
28.9,67,world cup
22.3,67,strongarguments
21.8,67,entertainment blog
33.1,67,arsenal football club
27.4,66,elections
22.0,66,adventure
34.6,66,punjab
23.8,66,nature walk
53.7,66,neeraj shekhar
41.4,66,kylian mbappe
44.9,66,moda
18.6,66,novel
27.7,66,manchester united fc
22.2,66,comsoccvs
25.0,66,realmadrid
20.4,66,monsoon food
29.8,65,paris
22.9,65,cats
25.3,65,philosophy
36.1,65,games
30.0,65,fifa world cup
21.2,65,#breastfeeding
43.1,65,roland garros
36.9,65,paris saint-germain
33.1,65,atletico madrid
25.8,64,republic day
26.4,64,fun
27.8,64,omicron
24.8,64,twitter
22.9,64,ipl
26.7,64,london
43.7,64,sinner
55.8,64,afc
30.0,64,liverpool fc
32.1,64,chelseafc
43.4,64,barcellona
25.1,63,gender
22.5,63,meghalaya
21.3,63,#breastfeeding mother
25.7,62,instagram
18.7,62,fit check
20.7,62,hollywood dreams
51.5,62,deepa malik
29.3,61,brazil
23.0,61,nature love
24.4,61,mental peace
24.3,61,sports
21.3,61,music talent
28.1,61,barcelona fc
23.3,61,valentino
41.9,61,pechino 2022
24.0,60,memories
22.6,60,plants
40.4,60,para athletes
26.2,60,wrestling
24.8,60,health news
26.9,60,erik ten hag
23.4,60,movieoftheday
26.8,59,water
24.9,59,oscars2022
23.8,59,wellness
22.7,59,moon
22.2,59,taliban attacks
25.6,59,ligue 1
25.1,58,uttar pradesh
23.9,58,animal lover
46.8,58,psg feminine
21.8,58,dancing
20.3,58,#foodgram
36.9,58,tour de france
23.2,58,bible
22,57,trekking
15.9,57,amit shah
21.2,57,controversy
22.1,57,lake
43.4,57,olimpiadi invernali
30.4,57,life quotes
15.7,57,#movie
22.4,57,#trending
19.0,57,umang
21.5,56,coffee
28.6,56,god
25.1,56,breastfeeding week
28.1,56,buddhism
19.8,56,manga
23.8,56,flower
21.4,56,#life
20.9,56,#healthylife
38.7,56,ducati
26.5,55,lgbt community
21.4,55,arts
37.6,55,ukrainian
22.5,55,netflix and chill
22.5,55,earth
24.1,55,equality
54,55,event profs
28.3,55,birthday
45.8,55,tuffman
26.9,55,mikel arteta
23.5,55,foodtechlic
22.8,55,eartha
24.3,54,elon musk
24.1,54,trans athletes
25.7,54,lgbtq community
31.9,54,uk
27.2,54,sri lanka
24.9,54,ott
22,54,food photography
20.4,54,hollywood series
36.1,54,coppa italia
33.0,54,ac milan
20.5,54,fantasy
34.5,54,fiorentina
19.6,54,nssggs
20.4,54,#india
31.1,53,argentina
35.0,53,law
24.3,53,virat kohli
12.8,53,astrology
21.8,53,elections 2022
22.6,53,movies that move you
38.8,53,ukraina
23.7,53,latest news
24,53,football tactics
26.9,52,lgbtqi
25.7,52,rahul gandhi
34.1,52,covid vaccine
16.8,52,marketing
60.9,52,delhi events
34.3,52,olympics
15.9,52,heritage
22.8,52,drawing
13,52,topstories
33.2,52,salernitana
21.3,52,indian cricket
23.2,52,#news
25.1,52,happyclub
22.1,52,marvelcomics
19.2,52,collegelife
33,51,schools
26.7,51,qatar
34.6,51,us
22.6,51,taliban
21.1,51,series
24.4,51,support
39,51,russia military exercises
65,51,biography
43.8,51,ucraina war
38.7,51,charles leclerc
20.8,51,pm modi
19.3,51,pixstoryarsenal
19.0,51,yashiika
21.5,50,pride month
23.3,50,relationship
28.5,50,birds
22.0,50,thoughts
21.7,50,entertainment travelling
29.3,50,fa cup
35.0,50,sassuolo
47.1,50,berrettini
21.0,50,cafe
25.9,49,lata mangeshkar
23.9,49,summer
21.9,49,comedy
24.9,49,current affairs
22.0,49,disney
22.2,49,healthy eating
22.9,49,omicron variant of covid-19
23.4,49,beach
30.8,49,hockey
35.9,49,fashion week
44.2,49,guerra in ucraina
20.9,49,yuvaan
22.9,49,#photography
24.1,49,manchester
14.9,49,#movie #movie lovers
14.1,49,#movies
30.9,48,breastfeeding
25.7,48,celebration
31.5,48,climate action
22.6,48,gym
22.1,48,animal rights
23.8,48,songs
23.3,48,oscars nominations
26.5,48,swimming
24.9,48,travelling
32.5,48,formula1
29.0,48,women's health
23.1,48,selfcare
24.8,48,real madrid cf
24.0,48,latest
20.8,48,guwahati
33.6,48,formula e
25.7,48,knicks
15.6,47,advertising
31.4,47,boxing
20.9,47,history
23,47,dietary guidelines
22,47,singing
22.8,47,happy
33.5,47,climate crisis
29.8,47,reproductive health
39.4,47,nuoto
33,47,as roma
25.1,47,consumerism
30.5,47,hindi songs
21.3,47,trek
26.9,46,work
31.2,46,racism
36.0,46,exercise
28.2,46,travel photographer
52.4,46,itbp
27.7,46,european union
26.0,46,corona
22.4,46,food blogger
23.5,46,gucci
21.3,46,#love
22.5,46,netflix series
20.2,46,comspectlbc
32,46,season review
45.7,46,healthy life
21.0,46,#poem #musings as a writer #entertainment #poetry
21.3,45,pixstory pro
35.6,45,nba playoffs
23.1,45,movie poster
22.3,45,space
20.8,45,earth day
26.0,45,ligue1
23.2,45,football fields
20.1,45,geocrusaders
18.1,45,anime/series
22,45,transcare
14.4,45,#moviebuff
21,45,senseofomar
31.3,44,cycling
35.9,44,assembly elections
24.1,44,spirituality
30.5,44,photo
28.7,44,mbappe
22.3,44,temples
22.1,44,entertainments
19.0,44,bts army
23.3,44,netflix originals
18.8,44,debsocmh
22,44,transcare conference
22.3,43,pride
26.6,43,pollution
38.3,43,beijing 2022
23.2,43,business
22.9,43,netflix show
30.3,43,covid 19 strain
24.8,43,architecture
21.0,43,prada
21,43,afghanistn
21.2,43,ranbir kapoor
24.7,43,netflix movie
21.5,43,#sports
23.0,43,monsoon
24.9,43,scenery
21.9,43,night
34.7,43,bologna
32.6,43,borussia dortmund
41.0,43,giro d'italia
21.0,43,scenic
20.0,43,#quotes
40.0,43,atletica leggera
32.6,42,covid vaccines
22.2,42,funny
21.9,42,vegan
39,42,russian aggression
22.1,42,cat
26.1,42,rugby
22.0,42,taylor swift
31.5,42,brentford
26.4,42,view
39.7,42,atletica
25.3,42,bayern munich
22.5,42,cosmos
15.0,42,#celebrity
27.8,42,earthday2022
19.2,42,#bjp
24.6,41,dog lovers
29.6,41,health covid-19
22.5,41,university
24.1,41,ladakh
24.3,41,facts
23.1,41,communication
20.9,41,#poem #poetry #entertainment #musings #art #stories
18.3,41,outfit
19.8,41,black
15.3,41,archaeology
21.2,41,balenciaga
39.7,41,dybala
18.0,41,bookworms
19.2,41,#congress
35.3,40,world cup 2022
29.6,40,cancer
21.2,40,environment friendly
27.1,40,positivity
27.8,40,nato
37.0,40,climate
23.6,40,chocolate
30.8,40,fifa world cup 2022
22.4,40,politics
24.3,40,creativity
23.3,40,temple
39.2,40,monza
42.2,40,bayern monaco
18.5,40,outfit inspiration
14.3,40,#moviepromotions
46,40,do suksham vyayam
27.3,39,independence
31.1,39,science and technology
26.2,39,baking
22.2,39,pixstory app
25.1,39,roe v. wade
25.9,39,portugal
28.4,39,learning
24.7,39,indian
23.8,39,lakes
20,39,strong arguments
28.0,39,newcastle united
23.7,39,transfer market
18.2,39,animelife
20.4,39,sfs arsd
25.1,39,terphrc
23.4,39,#poetry
26.7,38,gender equality
32.7,38,varanasi
29.3,38,kolkata
23.2,38,tv
36.9,38,supreme court
34.4,38,trump
29.5,38,himachal pradesh
23.5,38,manipur
38.5,38,ukrainian president volodymyr zelensky
38.5,38,russia clampdown
24.4,38,college students
20.4,38,harry styles
52.5,38,motivational quotes
69,38,neeraj kumar
69,38,dial d for don
24.8,38,success
33.9,38,venezia
30,38,ajax
21.1,38,korean
35.1,38,conference league
44.6,38,jannik sinner
21.6,38,transfer talks
29.4,38,fcbarcelona
23.3,38,greenery
19.5,38,#cricket
30.7,38,football analysis
25.4,38,#inglu
61.6,38,arsenalonpixstory
30,38,national league
20.0,38,#collegelife
19.8,38,campus life
22,38,moments of mine
28.6,37,story
24.1,37,oscar
23.4,37,street food
36,37,women at work
23.8,37,volleyball
25.3,37,global warming
23.3,37,women's autonomy
23.1,37,youtube
24.8,37,indian army
23.4,37,movie star
23.1,37,mental health day
23.0,37,beaches
23.1,37,love yourself
24.7,37,army
24.2,37,fifaworldcup
40.2,37,siccit√†
23.5,37,mcu
43.7,37,marcell jacobs
14.0,37,#bollywood movie #bhoolbhulaiyaa2
12,37,indigenous people
12.4,37,#brahmastra
32.6,36,inflation
23.6,36,earth day 2022
35.8,36,max verstappen
38.3,36,dwight howard
27.1,36,washington dc
40.1,36,republicans
22.9,36,quote
33.8,36,new york
33.3,36,golf
20.8,36,healthy body
22.9,36,netflix update
39,36,russian mafia
22.4,36,sleep
21.8,36,dietician
23.6,36,movie of the day
21.8,36,batman
30.3,36,srinagar
22.4,36,culture and traditions
40.1,36,lukaku
20.0,36,#foodislove
20.2,36,#sky
24.4,35,morning
20.0,35,terrorism
29.3,35,who
28.3,35,gun laws
23.8,35,people
37.4,35,ukraine aggression
24.0,35,valentine's day
27.1,35,gun violence
17.3,35,international affairs
23.7,35,waterfall
23.0,35,consumer rights
24.8,35,manchester united women
22.7,35,sunrise
21.5,35,#meme
34.4,35,carlo ancelotti
26.1,35,acmilan
33.9,35,antonio conte
23.5,35,teerthg
23.5,35,ishakhanna
46,35,do yogasan
23.5,35, premierleague
25.1,34,tea
25.9,34,marriage
24.4,34,election
38.5,34,scuderia ferrari
24,34,ucl
28.3,34,apple
21.9,34,kim kardashian
27,34,holi
23.3,34,iran
28.3,34,facebook
35.7,34,novak djokovic
23.5,34,commonwealth games 2022
25.8,34,google
22.9,34,let's discuss mental health
27.0,34,knowledge
26.7,34,cake
25.1,34,breastfeeding awareness
20.8,34,#happiness
22.3,34,mental health for youngsters
21.3,34,sweets
43.1,34,leclerc
35,34,udinese
26.7,34,southampton
20.8,34,#foodislife
25.6,34,arsenal fc
23.3,34,europaleague
27.4,33,wedding
22.6,33,pizza
38.2,33,red bull
31.2,33,athletics
24.9,33,nitish kumar
20.1,33,imran khan
37.1,33,winter olympics
22.9,33,covid news
22.8,33,life lessons
27.8,33,mental well being
24.9,33,anxiety
31.2,33,us politics
27.6,33,sports photography
23.5,33,football ü•Ö
23.8,33,film
20,33,blackpink
35.8,33,running
34.3,33,judo
27.5,33,isl
22.9,33,dc
27,33,fifa world cup qualifiers
31.6,33,mohamed salah
26.9,33,inter milan
22.8,33,paris fashion week
36.8,33,serie b
44.1,33,alcaraz
34.6,33,spezia
29.0,33,upcoming
20.4,33,sun
20,33,cwg22
20.8,33,krishna
21.5,33,sketching
23.3,33,#fundvertise
20.0,33,#quote
34.2,33,uk politics
35.6,32,us government
27.3,32,lgbtiqa+
26.3,32,vaccine
26.1,32,internet
24.5,32,fruits
35.2,32,salman rushdie
28.3,32,lewis hamilton
35.4,32,police
30.4,32,nfl
31.3,32,cybersecurity
27.1,32,gardening
20.3,32,information
24.5,32,sunset picture
20.5,32,sunset photography
21.6,32,student
23.5,32,television
24.1,32,afghanistan war
24.5,32,journey
19.1,32,#pregnancy
25.6,32,spurs
36.3,32,sampdoria
27.5,32,bayern munich fc
31.7,32,aiff
12,32,resurgent india
21.0,32,flower photography
24.6,32, football
24.4,31,gender identity
28.5,31,snow
25.5,31,yoga day
24.1,31,mother
25.6,31,photos
18.3,31,#instagram
26.2,31,diet talks
19.1,31,fiction
22.3,31,public health
24.7,31,depression
60.0,31,monday motivation
26.2,31,science journal
23.3,31,music streaming
20.8,31,brahmastra
21.3,31,festival vibe
20.8,31,fashion blogger
21.3,31,slumsoccer
43.5,31,salute
41.9,31,ambiente
27.8,31,european football
22.3,31,vogue
27.1,31,casemiro
45.8,31,mondiali calcio
27.5,31,karim benzema
20.9,31,mizoram
18.8,31,animes
23.7,31,shoes
14.1,31,#movie promotion
33,30,biden
24.4,30,gender binary
24.6,30,world environment day
20.4,30,finance
22.5,30,world
22.6,30,automobiles
28.2,30,uttarakhand
30.1,30,birmingham 2022
20.7,30,self care
27.9,30,animals and nature
30.2,30,school students
32.6,30,design
28.2,30,sportspersons
22.6,30,writing community
24.9,30,pets
21.8,30,harry potter
24.3,30,football members
22.0,30,motivational
36.9,30,esports
23,30,article14live
21,30,unicef helps children
28.5,30,paul pogba
18.8,30,ootd
20.8,30,music art ppl
26.4,30,gabriel jesus
29.6,30,leeds united
46.3,30,pogba
33.9,30,cagliari
27.7,30,thomas tuchel
22.2,30,arteta
22.9,30,cute
20.0,30,campus diaries
19.6,30,#wdchrc
28.9,30,melania trump
13.1,30,#celebrity fashion
23.1,30,american literature
12,30,melbourne
12.5,30,#celebrityll
21.3,29,dog
22.4,29,review
24.2,29,mother's day
25.0,29,bike
22.1,29,rihanna
24.5,29,films
22.7,29,pixstory office ‚ù§Ô∏è
23.9,29,chess
32.6,29,boris johnson
22.4,29,singer
21.8,29,life living happiness
24.3,29,game
